Allele1	Allele2 (Same as Allele1 if analyzing a single allele)	Gene Symbol	Peptide Sequence	TPM (Optional)
HLA-DRB1*01:01	HLA-DRB1*01:01	nsp10_1	AGNATEVPANSTVLS	
HLA-DRB1*01:01	HLA-DRB1*01:01	nsp10_16	FCAFAVDAAKAYKDY	
HLA-DRB1*01:01	HLA-DRB1*01:01	nsp10_31	LASGGQPITNCVKML	
HLA-DRB1*01:01	HLA-DRB1*01:01	nsp10_46	CTHTGTGQAITVTPE	
HLA-DRB1*01:01	HLA-DRB1*01:01	nsp10_61	ANMDQESFGGASCCL	
HLA-DRB1*01:01	HLA-DRB1*01:01	nsp10_76	YCRCHIDHPNPKGFC	
HLA-DRB1*01:01	HLA-DRB1*01:01	nsp10_91	DLKGKYVQIPTTCAN	
HLA-DRB1*01:01	HLA-DRB1*01:01	nsp10_106	DPVGFTLKNTVCTVC	
HLA-DRB1*01:01	HLA-DRB1*01:01	nsp10_121	GMWKGYGCSCDQLRE	
HLA-DRB1*01:01	HLA-DRB1*01:01	nsp12_1	SADAQSFLNRVCGVS	
HLA-DRB1*01:01	HLA-DRB1*01:01	nsp12_16	AARLTPCGTGTSTDV	
HLA-DRB1*01:01	HLA-DRB1*01:01	nsp12_31	VYRAFDIYNDKVAGF	
HLA-DRB1*01:01	HLA-DRB1*01:01	nsp12_46	AKFLKTNCCRFQEKD	
HLA-DRB1*01:01	HLA-DRB1*01:01	nsp12_61	EDDNLIDSYFVVKRH	
HLA-DRB1*01:01	HLA-DRB1*01:01	nsp12_76	TFSNYQHEETIYNLL	
HLA-DRB1*01:01	HLA-DRB1*01:01	nsp12_91	KDCPAVAKHDFFKFR	
HLA-DRB1*01:01	HLA-DRB1*01:01	nsp12_106	IDGDMVPHISRQRLT	
HLA-DRB1*01:01	HLA-DRB1*01:01	nsp12_121	KYTMADLVYALRHFD	
HLA-DRB1*01:01	HLA-DRB1*01:01	nsp12_136	EGNCDTLKEILVTYN	
HLA-DRB1*01:01	HLA-DRB1*01:01	nsp12_151	CCDDDYFNKKDWYDF	
HLA-DRB1*01:01	HLA-DRB1*01:01	nsp12_166	VENPDILRVYANLGE	
HLA-DRB1*01:01	HLA-DRB1*01:01	nsp12_181	RVRQALLKTVQFCDA	
HLA-DRB1*01:01	HLA-DRB1*01:01	nsp12_196	MRNAGIVGVLTLDNQ	
HLA-DRB1*01:01	HLA-DRB1*01:01	nsp12_211	DLNGNWYDFGDFIQT	
HLA-DRB1*01:01	HLA-DRB1*01:01	nsp12_226	TPGSGVPVVDSYYSL	
HLA-DRB1*01:01	HLA-DRB1*01:01	nsp12_241	LMPILTLTRALTAES	
HLA-DRB1*01:01	HLA-DRB1*01:01	nsp12_256	HVDTDLTKPYIKWDL	
HLA-DRB1*01:01	HLA-DRB1*01:01	nsp12_271	LKYDFTEERLKLFDR	
HLA-DRB1*01:01	HLA-DRB1*01:01	nsp12_286	YFKYWDQTYHPNCVN	
HLA-DRB1*01:01	HLA-DRB1*01:01	nsp12_301	CLDDRCILHCANFNV	
HLA-DRB1*01:01	HLA-DRB1*01:01	nsp12_316	LFSTVFPPTSFGPLV	
HLA-DRB1*01:01	HLA-DRB1*01:01	nsp12_331	RKIFVDGVPFVVSTG	
HLA-DRB1*01:01	HLA-DRB1*01:01	nsp12_346	YHFRELGVVHNQDVN	
HLA-DRB1*01:01	HLA-DRB1*01:01	nsp12_361	LHSSRLSFKELLVYA	
HLA-DRB1*01:01	HLA-DRB1*01:01	nsp12_376	ADPAMHAASGNLLLD	
HLA-DRB1*01:01	HLA-DRB1*01:01	nsp12_391	KRTTCFSVAALTNNV	
HLA-DRB1*01:01	HLA-DRB1*01:01	nsp12_406	AFQTVKPGNFNKDFY	
HLA-DRB1*01:01	HLA-DRB1*01:01	nsp12_421	DFAVSKGFFKEGSSV	
HLA-DRB1*01:01	HLA-DRB1*01:01	nsp12_436	ELKHFFFAQDGNAAI	
HLA-DRB1*01:01	HLA-DRB1*01:01	nsp12_451	SDYDYYRYNLPTMCD	
HLA-DRB1*01:01	HLA-DRB1*01:01	nsp12_466	IRQLLFVVEVVDKYF	
HLA-DRB1*01:01	HLA-DRB1*01:01	nsp12_481	DCYDGGCINANQVIV	
HLA-DRB1*01:01	HLA-DRB1*01:01	nsp12_496	NNLDKSAGFPFNKWG	
HLA-DRB1*01:01	HLA-DRB1*01:01	nsp12_511	KARLYYDSMSYEDQD	
HLA-DRB1*01:01	HLA-DRB1*01:01	nsp12_526	ALFAYTKRNVIPTIT	
HLA-DRB1*01:01	HLA-DRB1*01:01	nsp12_541	QMNLKYAISAKNRAR	
HLA-DRB1*01:01	HLA-DRB1*01:01	nsp12_556	TVAGVSICSTMTNRQ	
HLA-DRB1*01:01	HLA-DRB1*01:01	nsp12_571	FHQKLLKSIAATRGA	
HLA-DRB1*01:01	HLA-DRB1*01:01	nsp12_586	TVVIGTSKFYGGWHN	
HLA-DRB1*01:01	HLA-DRB1*01:01	nsp12_601	MLKTVYSDVENPHLM	
HLA-DRB1*01:01	HLA-DRB1*01:01	nsp12_616	GWDYPKCDRAMPNML	
HLA-DRB1*01:01	HLA-DRB1*01:01	nsp12_631	RIMASLVLARKHTTC	
HLA-DRB1*01:01	HLA-DRB1*01:01	nsp12_646	CSLSHRFYRLANECA	
HLA-DRB1*01:01	HLA-DRB1*01:01	nsp12_661	QVLSEMVMCGGSLYV	
HLA-DRB1*01:01	HLA-DRB1*01:01	nsp12_676	KPGGTSSGDATTAYA	
HLA-DRB1*01:01	HLA-DRB1*01:01	nsp12_691	NSVFNICQAVTANVN	
HLA-DRB1*01:01	HLA-DRB1*01:01	nsp12_706	ALLSTDGNKIADKYV	
HLA-DRB1*01:01	HLA-DRB1*01:01	nsp12_721	RNLQHRLYECLYRNR	
HLA-DRB1*01:01	HLA-DRB1*01:01	nsp12_736	DVDTDFVNEFYAYLR	
HLA-DRB1*01:01	HLA-DRB1*01:01	nsp12_751	KHFSMMILSDDAVVC	
HLA-DRB1*01:01	HLA-DRB1*01:01	nsp12_766	FNSTYASQGLVASIK	
HLA-DRB1*01:01	HLA-DRB1*01:01	nsp12_781	NFKSVLYYQNNVFMS	
HLA-DRB1*01:01	HLA-DRB1*01:01	nsp12_796	EAKCWTETDLTKGPH	
HLA-DRB1*01:01	HLA-DRB1*01:01	nsp12_811	EFCSQHTMLVKQGDD	
HLA-DRB1*01:01	HLA-DRB1*01:01	nsp12_826	YVYLPYPDPSRILGA	
HLA-DRB1*01:01	HLA-DRB1*01:01	nsp12_841	GCFVDDIVKTDGTLM	
HLA-DRB1*01:01	HLA-DRB1*01:01	nsp12_856	IERFVSLAIDAYPLT	
HLA-DRB1*01:01	HLA-DRB1*01:01	nsp12_871	KHPNQEYADVFHLYL	
HLA-DRB1*01:01	HLA-DRB1*01:01	nsp12_886	QYIRKLHDELTGHML	
HLA-DRB1*01:01	HLA-DRB1*01:01	nsp12_901	DMYSVMLTNDNTSRY	
HLA-DRB1*01:01	HLA-DRB1*01:01	nsp12_916	WEPEFYEAMYTPHTV	
HLA-DRB1*01:01	HLA-DRB1*01:01	nsp13_1	AVGACVLCNSQTSLR	
HLA-DRB1*01:01	HLA-DRB1*01:01	nsp13_16	CGACIRRPFLCCKCC	
HLA-DRB1*01:01	HLA-DRB1*01:01	nsp13_31	YDHVISTSHKLVLSV	
HLA-DRB1*01:01	HLA-DRB1*01:01	nsp13_46	NPYVCNAPGCDVTDV	
HLA-DRB1*01:01	HLA-DRB1*01:01	nsp13_61	TQLYLGGMSYYCKSH	
HLA-DRB1*01:01	HLA-DRB1*01:01	nsp13_76	KPPISFPLCANGQVF	
HLA-DRB1*01:01	HLA-DRB1*01:01	nsp13_91	GLYKNTCVGSDNVTD	
HLA-DRB1*01:01	HLA-DRB1*01:01	nsp13_106	FNAIATCDWTNAGDY	
HLA-DRB1*01:01	HLA-DRB1*01:01	nsp13_121	ILANTCTERLKLFAA	
HLA-DRB1*01:01	HLA-DRB1*01:01	nsp13_136	ETLKATEETFKLSYG	
HLA-DRB1*01:01	HLA-DRB1*01:01	nsp13_151	IATVREVLSDRELHL	
HLA-DRB1*01:01	HLA-DRB1*01:01	nsp13_166	SWEVGKPRPPLNRNY	
HLA-DRB1*01:01	HLA-DRB1*01:01	nsp13_181	VFTGYRVTKNSKVQI	
HLA-DRB1*01:01	HLA-DRB1*01:01	nsp13_196	GEYTFEKGDYGDAVV	
HLA-DRB1*01:01	HLA-DRB1*01:01	nsp13_211	YRGTTTYKLNVGDYF	
HLA-DRB1*01:01	HLA-DRB1*01:01	nsp13_226	VLTSHTVMPLSAPTL	
HLA-DRB1*01:01	HLA-DRB1*01:01	nsp13_241	VPQEHYVRITGLYPT	
HLA-DRB1*01:01	HLA-DRB1*01:01	nsp13_256	LNISDEFSSNVANYQ	
HLA-DRB1*01:01	HLA-DRB1*01:01	nsp13_271	KVGMQKYSTLQGPPG	
HLA-DRB1*01:01	HLA-DRB1*01:01	nsp13_286	TGKSHFAIGLALYYP	
HLA-DRB1*01:01	HLA-DRB1*01:01	nsp13_301	SARIVYTACSHAAVD	
HLA-DRB1*01:01	HLA-DRB1*01:01	nsp13_316	ALCEKALKYLPIDKC	
HLA-DRB1*01:01	HLA-DRB1*01:01	nsp13_331	SRIIPARARVECFDK	
HLA-DRB1*01:01	HLA-DRB1*01:01	nsp13_346	FKVNSTLEQYVFCTV	
HLA-DRB1*01:01	HLA-DRB1*01:01	nsp13_361	NALPETTADIVVFDE	
HLA-DRB1*01:01	HLA-DRB1*01:01	nsp13_376	ISMATNYDLSVVNAR	
HLA-DRB1*01:01	HLA-DRB1*01:01	nsp13_391	LRAKHYVYIGDPAQL	
HLA-DRB1*01:01	HLA-DRB1*01:01	nsp13_406	PAPRTLLTKGTLEPE	
HLA-DRB1*01:01	HLA-DRB1*01:01	nsp13_421	YFNSVCRLMKTIGPD	
HLA-DRB1*01:01	HLA-DRB1*01:01	nsp13_436	MFLGTCRRCPAEIVD	
HLA-DRB1*01:01	HLA-DRB1*01:01	nsp13_451	TVSALVYDNKLKAHK	
HLA-DRB1*01:01	HLA-DRB1*01:01	nsp13_466	DKSAQCFKMFYKGVI	
HLA-DRB1*01:01	HLA-DRB1*01:01	nsp13_481	THDVSSAINRPQIGV	
HLA-DRB1*01:01	HLA-DRB1*01:01	nsp13_496	VREFLTRNPAWRKAV	
HLA-DRB1*01:01	HLA-DRB1*01:01	nsp13_511	FISPYNSQNAVASKI	
HLA-DRB1*01:01	HLA-DRB1*01:01	nsp13_526	LGLPTQTVDSSQGSE	
HLA-DRB1*01:01	HLA-DRB1*01:01	nsp13_541	YDYVIFTQTTETAHS	
HLA-DRB1*01:01	HLA-DRB1*01:01	nsp13_556	CNVNRFNVAITRAKV	
HLA-DRB1*01:01	HLA-DRB1*01:01	nsp13_571	GILCIMSDRDLYDKL	
HLA-DRB1*01:01	HLA-DRB1*01:01	nsp13_586	QFTSLEIPRRNVATL	
HLA-DRB1*01:01	HLA-DRB1*01:01	nsp14_1	AENVTGLFKDCSKVI	
HLA-DRB1*01:01	HLA-DRB1*01:01	nsp14_16	TGLHPTQAPTHLSVD	
HLA-DRB1*01:01	HLA-DRB1*01:01	nsp14_31	TKFKTEGLCVDIPGI	
HLA-DRB1*01:01	HLA-DRB1*01:01	nsp14_46	PKDMTYRRLISMMGF	
HLA-DRB1*01:01	HLA-DRB1*01:01	nsp14_61	KMNYQVNGYPNMFIT	
HLA-DRB1*01:01	HLA-DRB1*01:01	nsp14_76	REEAIRHVRAWIGFD	
HLA-DRB1*01:01	HLA-DRB1*01:01	nsp14_91	VEGCHATREAVGTNL	
HLA-DRB1*01:01	HLA-DRB1*01:01	nsp14_106	PLQLGFSTGVNLVAV	
HLA-DRB1*01:01	HLA-DRB1*01:01	nsp14_121	PTGYVDTPNNTDFSR	
HLA-DRB1*01:01	HLA-DRB1*01:01	nsp14_136	VSAKPPPGDQFKHLI	
HLA-DRB1*01:01	HLA-DRB1*01:01	nsp14_151	PLMYKGLPWNVVRIK	
HLA-DRB1*01:01	HLA-DRB1*01:01	nsp14_166	IVQMLSDTLKNLSDR	
HLA-DRB1*01:01	HLA-DRB1*01:01	nsp14_181	VVFVLWAHGFELTSM	
HLA-DRB1*01:01	HLA-DRB1*01:01	nsp14_196	KYFVKIGPERTCCLC	
HLA-DRB1*01:01	HLA-DRB1*01:01	nsp14_211	DRRATCFSTASDTYA	
HLA-DRB1*01:01	HLA-DRB1*01:01	nsp14_226	CWHHSIGFDYVYNPF	
HLA-DRB1*01:01	HLA-DRB1*01:01	nsp14_241	MIDVQQWGFTGNLQS	
HLA-DRB1*01:01	HLA-DRB1*01:01	nsp14_256	NHDLYCQVHGNAHVA	
HLA-DRB1*01:01	HLA-DRB1*01:01	nsp14_271	SCDAIMTRCLAVHEC	
HLA-DRB1*01:01	HLA-DRB1*01:01	nsp14_286	FVKRVDWTIEYPIIG	
HLA-DRB1*01:01	HLA-DRB1*01:01	nsp14_301	DELKINAACRKVQHM	
HLA-DRB1*01:01	HLA-DRB1*01:01	nsp14_316	VVKAALLADKFPVLH	
HLA-DRB1*01:01	HLA-DRB1*01:01	nsp14_331	DIGNPKAIKCVPQAD	
HLA-DRB1*01:01	HLA-DRB1*01:01	nsp14_346	VEWKFYDAQPCSDKA	
HLA-DRB1*01:01	HLA-DRB1*01:01	nsp14_361	YKIEELFYSYATHSD	
HLA-DRB1*01:01	HLA-DRB1*01:01	nsp14_376	KFTDGVCLFWNCNVD	
HLA-DRB1*01:01	HLA-DRB1*01:01	nsp14_391	RYPANSIVCRFDTRV	
HLA-DRB1*01:01	HLA-DRB1*01:01	nsp14_406	LSNLNLPGCDGGSLY	
HLA-DRB1*01:01	HLA-DRB1*01:01	nsp14_421	VNKHAFHTPAFDKSA	
HLA-DRB1*01:01	HLA-DRB1*01:01	nsp14_436	FVNLKQLPFFYYSDS	
HLA-DRB1*01:01	HLA-DRB1*01:01	nsp14_451	PCESHGKQVVSDIDY	
HLA-DRB1*01:01	HLA-DRB1*01:01	nsp14_466	VPLKSATCITRCNLG	
HLA-DRB1*01:01	HLA-DRB1*01:01	nsp14_481	GAVCRHHANEYRLYL	
HLA-DRB1*01:01	HLA-DRB1*01:01	nsp14_496	DAYNMMISAGFSLWV	
HLA-DRB1*01:01	HLA-DRB1*01:01	nsp14_511	YKQFDTYNLWNTFTR	
HLA-DRB1*01:01	HLA-DRB1*01:01	nsp15_1	SLENVAFNVVNKGHF	
HLA-DRB1*01:01	HLA-DRB1*01:01	nsp15_16	DGQQGEVPVSIINNT	
HLA-DRB1*01:01	HLA-DRB1*01:01	nsp15_31	VYTKVDGVDVELFEN	
HLA-DRB1*01:01	HLA-DRB1*01:01	nsp15_46	KTTLPVNVAFELWAK	
HLA-DRB1*01:01	HLA-DRB1*01:01	nsp15_61	RNIKPVPEVKILNNL	
HLA-DRB1*01:01	HLA-DRB1*01:01	nsp15_76	GVDIAANTVIWDYKR	
HLA-DRB1*01:01	HLA-DRB1*01:01	nsp15_91	DAPAHISTIGVCSMT	
HLA-DRB1*01:01	HLA-DRB1*01:01	nsp15_106	DIAKKPTETICAPLT	
HLA-DRB1*01:01	HLA-DRB1*01:01	nsp15_121	VFFDGRVDGQVDLFR	
HLA-DRB1*01:01	HLA-DRB1*01:01	nsp15_136	NARNGVLITEGSVKG	
HLA-DRB1*01:01	HLA-DRB1*01:01	nsp15_151	LQPSVGPKQASLNGV	
HLA-DRB1*01:01	HLA-DRB1*01:01	nsp15_166	TLIGEAVKTQFNYYK	
HLA-DRB1*01:01	HLA-DRB1*01:01	nsp15_181	KVDGVVQQLPETYFT	
HLA-DRB1*01:01	HLA-DRB1*01:01	nsp15_196	QSRNLQEFKPRSQME	
HLA-DRB1*01:01	HLA-DRB1*01:01	nsp15_211	IDFLELAMDEFIERY	
HLA-DRB1*01:01	HLA-DRB1*01:01	nsp15_226	KLEGYAFEHIVYGDF	
HLA-DRB1*01:01	HLA-DRB1*01:01	nsp15_241	SHSQLGGLHLLIGLA	
HLA-DRB1*01:01	HLA-DRB1*01:01	nsp15_256	KRFKESPFELEDFIP	
HLA-DRB1*01:01	HLA-DRB1*01:01	nsp15_271	MDSTVKNYFITDAQT	
HLA-DRB1*01:01	HLA-DRB1*01:01	nsp15_286	GSSKCVCSVIDLLLD	
HLA-DRB1*01:01	HLA-DRB1*01:01	nsp15_301	DFVEIIKSQDLSVVS	
HLA-DRB1*01:01	HLA-DRB1*01:01	nsp15_316	KVVKVTIDYTEISFM	
HLA-DRB1*01:01	HLA-DRB1*01:01	nsp15_331	LWCKDGHVETFYPKL	
HLA-DRB1*01:01	HLA-DRB1*01:01	nsp16_1	SSQAWQPGVAMPNLY	
HLA-DRB1*01:01	HLA-DRB1*01:01	nsp16_16	KMQRMLLEKCDLQNY	
HLA-DRB1*01:01	HLA-DRB1*01:01	nsp16_31	GDSATLPKGIMMNVA	
HLA-DRB1*01:01	HLA-DRB1*01:01	nsp16_46	KYTQLCQYLNTLTLA	
HLA-DRB1*01:01	HLA-DRB1*01:01	nsp16_61	VPYNMRVIHFGAGSD	
HLA-DRB1*01:01	HLA-DRB1*01:01	nsp16_76	KGVAPGTAVLRQWLP	
HLA-DRB1*01:01	HLA-DRB1*01:01	nsp16_91	TGTLLVDSDLNDFVS	
HLA-DRB1*01:01	HLA-DRB1*01:01	nsp16_106	DADSTLIGDCATVHT	
HLA-DRB1*01:01	HLA-DRB1*01:01	nsp16_121	ANKWDLIISDMYDPK	
HLA-DRB1*01:01	HLA-DRB1*01:01	nsp16_136	TKNVTKENDSKEGFF	
HLA-DRB1*01:01	HLA-DRB1*01:01	nsp16_151	TYICGFIQQKLALGG	
HLA-DRB1*01:01	HLA-DRB1*01:01	nsp16_166	SVAIKITEHSWNADL	
HLA-DRB1*01:01	HLA-DRB1*01:01	nsp16_181	YKLMGHFAWWTAFVT	
HLA-DRB1*01:01	HLA-DRB1*01:01	nsp16_196	NVNASSSEAFLIGCN	
HLA-DRB1*01:01	HLA-DRB1*01:01	nsp16_211	YLGKPREQIDGYVMH	
HLA-DRB1*01:01	HLA-DRB1*01:01	nsp16_226	ANYIFWRNTNPIQLS	
HLA-DRB1*01:01	HLA-DRB1*01:01	nsp16_241	SYSLFDMSKFPLKLR	
HLA-DRB1*01:01	HLA-DRB1*01:01	nsp16_256	GTAVMSLKEGQINDM	
HLA-DRB1*01:01	HLA-DRB1*01:01	nsp16_271	ILSLLSKGRLIIREN	
HLA-DRB1*01:01	HLA-DRB1*01:01	S_1	MFVFLVLLPLVSSQC	
HLA-DRB1*01:01	HLA-DRB1*01:01	S_16	VNLTTRTQLPPAYTN	
HLA-DRB1*01:01	HLA-DRB1*01:01	S_31	SFTRGVYYPDKVFRS	
HLA-DRB1*01:01	HLA-DRB1*01:01	S_46	SVLHSTQDLFLPFFS	
HLA-DRB1*01:01	HLA-DRB1*01:01	S_61	NVTWFHAIHVSGTNG	
HLA-DRB1*01:01	HLA-DRB1*01:01	S_76	TKRFDNPVLPFNDGV	
HLA-DRB1*01:01	HLA-DRB1*01:01	S_91	YFASTEKSNIIRGWI	
HLA-DRB1*01:01	HLA-DRB1*01:01	S_106	FGTTLDSKTQSLLIV	
HLA-DRB1*01:01	HLA-DRB1*01:01	S_121	NNATNVVIKVCEFQF	
HLA-DRB1*01:01	HLA-DRB1*01:01	S_136	CNDPFLGVYYHKNNK	
HLA-DRB1*01:01	HLA-DRB1*01:01	S_151	SWMESEFRVYSSANN	
HLA-DRB1*01:01	HLA-DRB1*01:01	S_166	CTFEYVSQPFLMDLE	
HLA-DRB1*01:01	HLA-DRB1*01:01	S_181	GKQGNFKNLREFVFK	
HLA-DRB1*01:01	HLA-DRB1*01:01	S_196	NIDGYFKIYSKHTPI	
HLA-DRB1*01:01	HLA-DRB1*01:01	S_211	NLVRDLPQGFSALEP	
HLA-DRB1*01:01	HLA-DRB1*01:01	S_226	LVDLPIGINITRFQT	
HLA-DRB1*01:01	HLA-DRB1*01:01	S_241	LLALHRSYLTPGDSS	
HLA-DRB1*01:01	HLA-DRB1*01:01	S_256	SGWTAGAAAYYVGYL	
HLA-DRB1*01:01	HLA-DRB1*01:01	S_271	QPRTFLLKYNENGTI	
HLA-DRB1*01:01	HLA-DRB1*01:01	S_286	TDAVDCALDPLSETK	
HLA-DRB1*01:01	HLA-DRB1*01:01	S_301	CTLKSFTVEKGIYQT	
HLA-DRB1*01:01	HLA-DRB1*01:01	S_316	SNFRVQPTESIVRFP	
HLA-DRB1*01:01	HLA-DRB1*01:01	S_331	NITNLCPFGEVFNAT	
HLA-DRB1*01:01	HLA-DRB1*01:01	S_346	RFASVYAWNRKRISN	
HLA-DRB1*01:01	HLA-DRB1*01:01	S_361	CVADYSVLYNSASFS	
HLA-DRB1*01:01	HLA-DRB1*01:01	S_376	TFKCYGVSPTKLNDL	
HLA-DRB1*01:01	HLA-DRB1*01:01	S_391	CFTNVYADSFVIRGD	
HLA-DRB1*01:01	HLA-DRB1*01:01	S_406	EVRQIAPGQTGKIAD	
HLA-DRB1*01:01	HLA-DRB1*01:01	S_421	YNYKLPDDFTGCVIA	
HLA-DRB1*01:01	HLA-DRB1*01:01	S_436	WNSNNLDSKVGGNYN	
HLA-DRB1*01:01	HLA-DRB1*01:01	S_451	YLYRLFRKSNLKPFE	
HLA-DRB1*01:01	HLA-DRB1*01:01	S_466	RDISTEIYQAGSTPC	
HLA-DRB1*01:01	HLA-DRB1*01:01	S_481	NGVEGFNCYFPLQSY	
HLA-DRB1*01:01	HLA-DRB1*01:01	S_496	GFQPTNGVGYQPYRV	
HLA-DRB1*01:01	HLA-DRB1*01:01	S_511	VVLSFELLHAPATVC	
HLA-DRB1*01:01	HLA-DRB1*01:01	S_526	GPKKSTNLVKNKCVN	
HLA-DRB1*01:01	HLA-DRB1*01:01	S_541	FNFNGLTGTGVLTES	
HLA-DRB1*01:01	HLA-DRB1*01:01	S_556	NKKFLPFQQFGRDIA	
HLA-DRB1*01:01	HLA-DRB1*01:01	S_571	DTTDAVRDPQTLEIL	
HLA-DRB1*01:01	HLA-DRB1*01:01	S_586	DITPCSFGGVSVITP	
HLA-DRB1*01:01	HLA-DRB1*01:01	S_601	GTNTSNQVAVLYQDV	
HLA-DRB1*01:01	HLA-DRB1*01:01	S_616	NCTEVPVAIHADQLT	
HLA-DRB1*01:01	HLA-DRB1*01:01	S_631	PTWRVYSTGSNVFQT	
HLA-DRB1*01:01	HLA-DRB1*01:01	S_646	RAGCLIGAEHVNNSY	
HLA-DRB1*01:01	HLA-DRB1*01:01	S_661	ECDIPIGAGICASYQ	
HLA-DRB1*01:01	HLA-DRB1*01:01	S_676	TQTNSPRRARSVASQ	
HLA-DRB1*01:01	HLA-DRB1*01:01	S_691	SIIAYTMSLGAENSV	
HLA-DRB1*01:01	HLA-DRB1*01:01	S_706	AYSNNSIAIPTNFTI	
HLA-DRB1*01:01	HLA-DRB1*01:01	S_721	SVTTEILPVSMTKTS	
HLA-DRB1*01:01	HLA-DRB1*01:01	S_736	VDCTMYICGDSTECS	
HLA-DRB1*01:01	HLA-DRB1*01:01	S_751	NLLLQYGSFCTQLNR	
HLA-DRB1*01:01	HLA-DRB1*01:01	S_766	ALTGIAVEQDKNTQE	
HLA-DRB1*01:01	HLA-DRB1*01:01	S_781	VFAQVKQIYKTPPIK	
HLA-DRB1*01:01	HLA-DRB1*01:01	S_796	DFGGFNFSQILPDPS	
HLA-DRB1*01:01	HLA-DRB1*01:01	S_811	KPSKRSFIEDLLFNK	
HLA-DRB1*01:01	HLA-DRB1*01:01	S_826	VTLADAGFIKQYGDC	
HLA-DRB1*01:01	HLA-DRB1*01:01	S_841	LGDIAARDLICAQKF	
HLA-DRB1*01:01	HLA-DRB1*01:01	S_856	NGLTVLPPLLTDEMI	
HLA-DRB1*01:01	HLA-DRB1*01:01	S_871	AQYTSALLAGTITSG	
HLA-DRB1*01:01	HLA-DRB1*01:01	S_886	WTFGAGAALQIPFAM	
HLA-DRB1*01:01	HLA-DRB1*01:01	S_901	QMAYRFNGIGVTQNV	
HLA-DRB1*01:01	HLA-DRB1*01:01	S_916	LYENQKLIANQFNSA	
HLA-DRB1*01:01	HLA-DRB1*01:01	S_931	IGKIQDSLSSTASAL	
HLA-DRB1*01:01	HLA-DRB1*01:01	S_946	GKLQDVVNQNAQALN	
HLA-DRB1*01:01	HLA-DRB1*01:01	S_961	TLVKQLSSNFGAISS	
HLA-DRB1*01:01	HLA-DRB1*01:01	S_976	VLNDILSRLDKVEAE	
HLA-DRB1*01:01	HLA-DRB1*01:01	S_991	VQIDRLITGRLQSLQ	
HLA-DRB1*01:01	HLA-DRB1*01:01	S_1006	TYVTQQLIRAAEIRA	
HLA-DRB1*01:01	HLA-DRB1*01:01	S_1021	SANLAATKMSECVLG	
HLA-DRB1*01:01	HLA-DRB1*01:01	S_1036	QSKRVDFCGKGYHLM	
HLA-DRB1*01:01	HLA-DRB1*01:01	S_1051	SFPQSAPHGVVFLHV	
HLA-DRB1*01:01	HLA-DRB1*01:01	S_1066	TYVPAQEKNFTTAPA	
HLA-DRB1*01:01	HLA-DRB1*01:01	S_1081	ICHDGKAHFPREGVF	
HLA-DRB1*01:01	HLA-DRB1*01:01	S_1096	VSNGTHWFVTQRNFY	
HLA-DRB1*01:01	HLA-DRB1*01:01	S_1111	EPQIITTDNTFVSGN	
HLA-DRB1*01:01	HLA-DRB1*01:01	S_1126	CDVVIGIVNNTVYDP	
HLA-DRB1*01:01	HLA-DRB1*01:01	S_1141	LQPELDSFKEELDKY	
HLA-DRB1*01:01	HLA-DRB1*01:01	S_1156	FKNHTSPDVDLGDIS	
HLA-DRB1*01:01	HLA-DRB1*01:01	S_1171	GINASVVNIQKEIDR	
HLA-DRB1*01:01	HLA-DRB1*01:01	S_1186	LNEVAKNLNESLIDL	
HLA-DRB1*01:01	HLA-DRB1*01:01	S_1201	QELGKYEQYIKWPWY	
HLA-DRB1*01:01	HLA-DRB1*01:01	S_1216	IWLGFIAGLIAIVMV	
HLA-DRB1*01:01	HLA-DRB1*01:01	S_1231	TIMLCCMTSCCSCLK	
HLA-DRB1*01:01	HLA-DRB1*01:01	S_1246	GCCSCGSCCKFDEDD	
HLA-DRB1*01:01	HLA-DRB1*01:01	orf3a_1	MDLFMRIFTIGTVTL	
HLA-DRB1*01:01	HLA-DRB1*01:01	orf3a_16	KQGEIKDATPSDFVR	
HLA-DRB1*01:01	HLA-DRB1*01:01	orf3a_31	ATATIPIQASLPFGW	
HLA-DRB1*01:01	HLA-DRB1*01:01	orf3a_46	LIVGVALLAVFQSAS	
HLA-DRB1*01:01	HLA-DRB1*01:01	orf3a_61	KIITLKKRWQLALSK	
HLA-DRB1*01:01	HLA-DRB1*01:01	orf3a_76	GVHFVCNLLLLFVTV	
HLA-DRB1*01:01	HLA-DRB1*01:01	orf3a_91	YSHLLLVAAGLEAPF	
HLA-DRB1*01:01	HLA-DRB1*01:01	orf3a_106	LYLYALVYFLQSINF	
HLA-DRB1*01:01	HLA-DRB1*01:01	orf3a_121	VRIIMRLWLCWKCRS	
HLA-DRB1*01:01	HLA-DRB1*01:01	orf3a_136	KNPLLYDANYFLCWH	
HLA-DRB1*01:01	HLA-DRB1*01:01	orf3a_151	TNCYDYCIPYNSVTS	
HLA-DRB1*01:01	HLA-DRB1*01:01	orf3a_166	SIVITSGDGTTSPIS	
HLA-DRB1*01:01	HLA-DRB1*01:01	orf3a_181	EHDYQIGGYTEKWES	
HLA-DRB1*01:01	HLA-DRB1*01:01	orf3a_196	GVKDCVVLHSYFTSD	
HLA-DRB1*01:01	HLA-DRB1*01:01	orf3a_211	YYQLYSTQLSTDTGV	
HLA-DRB1*01:01	HLA-DRB1*01:01	orf3a_226	EHVTFFIYNKIVDEP	
HLA-DRB1*01:01	HLA-DRB1*01:01	orf3a_241	EEHVQIHTIDGSSGV	
HLA-DRB1*01:01	HLA-DRB1*01:01	orf3a_256	VNPVMEPIYDEPTTT	
HLA-DRB1*01:01	HLA-DRB1*01:01	E_1	MYSFVSEETGTLIVN	
HLA-DRB1*01:01	HLA-DRB1*01:01	E_16	SVLLFLAFVVFLLVT	
HLA-DRB1*01:01	HLA-DRB1*01:01	E_31	LAILTALRLCAYCCN	
HLA-DRB1*01:01	HLA-DRB1*01:01	E_46	IVNVSLVKPSFYVYS	
HLA-DRB1*01:01	HLA-DRB1*01:01	M_1	MADSNGTITVEELKK	
HLA-DRB1*01:01	HLA-DRB1*01:01	M_16	LLEQWNLVIGFLFLT	
HLA-DRB1*01:01	HLA-DRB1*01:01	M_31	WICLLQFAYANRNRF	
HLA-DRB1*01:01	HLA-DRB1*01:01	M_46	LYIIKLIFLWLLWPV	
HLA-DRB1*01:01	HLA-DRB1*01:01	M_61	TLACFVLAAVYRINW	
HLA-DRB1*01:01	HLA-DRB1*01:01	M_76	ITGGIAIAMACLVGL	
HLA-DRB1*01:01	HLA-DRB1*01:01	M_91	MWLSYFIASFRLFAR	
HLA-DRB1*01:01	HLA-DRB1*01:01	M_106	TRSMWSFNPETNILL	
HLA-DRB1*01:01	HLA-DRB1*01:01	M_121	NVPLHGTILTRPLLE	
HLA-DRB1*01:01	HLA-DRB1*01:01	M_136	SELVIGAVILRGHLR	
HLA-DRB1*01:01	HLA-DRB1*01:01	M_151	IAGHHLGRCDIKDLP	
HLA-DRB1*01:01	HLA-DRB1*01:01	M_166	KEITVATSRTLSYYK	
HLA-DRB1*01:01	HLA-DRB1*01:01	M_181	LGASQRVAGDSGFAA	
HLA-DRB1*01:01	HLA-DRB1*01:01	M_196	YSRYRIGNYKLNTDH	
HLA-DRB1*01:01	HLA-DRB1*01:01	nsp01_1	MESLVPGFNEKTHVQ	
HLA-DRB1*01:01	HLA-DRB1*01:01	nsp01_16	LSLPVLQVRDVLVRG	
HLA-DRB1*01:01	HLA-DRB1*01:01	nsp01_31	FGDSVEEVLSEARQH	
HLA-DRB1*01:01	HLA-DRB1*01:01	nsp01_46	LKDGTCGLVEVEKGV	
HLA-DRB1*01:01	HLA-DRB1*01:01	nsp01_61	LPQLEQPYVFIKRSD	
HLA-DRB1*01:01	HLA-DRB1*01:01	nsp01_76	ARTAPHGHVMVELVA	
HLA-DRB1*01:01	HLA-DRB1*01:01	nsp01_91	ELEGIQYGRSGETLG	
HLA-DRB1*01:01	HLA-DRB1*01:01	nsp01_106	VLVPHVGEIPVAYRK	
HLA-DRB1*01:01	HLA-DRB1*01:01	nsp01_121	VLLRKNGNKGAGGHS	
HLA-DRB1*01:01	HLA-DRB1*01:01	nsp01_136	YGADLKSFDLGDELG	
HLA-DRB1*01:01	HLA-DRB1*01:01	nsp01_151	TDPYEDFQENWNTKH	
HLA-DRB1*01:01	HLA-DRB1*01:01	orf6_1	MFHLVDFQVTIAEIL	
HLA-DRB1*01:01	HLA-DRB1*01:01	orf6_16	LIIMRTFKVSIWNLD	
HLA-DRB1*01:01	HLA-DRB1*01:01	orf6_31	YIINLIIKNLSKSLT	
HLA-DRB1*01:01	HLA-DRB1*01:01	orf6_46	ENKYSQLDEEQPMEI	
HLA-DRB1*01:01	HLA-DRB1*01:01	orf7a_1	MKIILFLALITLATC	
HLA-DRB1*01:01	HLA-DRB1*01:01	orf7a_16	ELYHYQECVRGTTVL	
HLA-DRB1*01:01	HLA-DRB1*01:01	orf7a_31	LKEPCSSGTYEGNSP	
HLA-DRB1*01:01	HLA-DRB1*01:01	orf7a_46	FHPLADNKFALTCFS	
HLA-DRB1*01:01	HLA-DRB1*01:01	orf7a_61	TQFAFACPDGVKHVY	
HLA-DRB1*01:01	HLA-DRB1*01:01	orf7a_76	QLRARSVSPKLFIRQ	
HLA-DRB1*01:01	HLA-DRB1*01:01	orf7a_91	EEVQELYSPIFLIVA	
HLA-DRB1*01:01	HLA-DRB1*01:01	orf7a_106	AIVFITLCFTLKRKT	
HLA-DRB1*01:01	HLA-DRB1*01:01	orf7b_1	MIELSLIDFYLCFLA	
HLA-DRB1*01:01	HLA-DRB1*01:01	orf7b_16	FLLFLVLIMLIIFWF	
HLA-DRB1*01:01	HLA-DRB1*01:01	orf8_1	MKFLVFLGIITTVAA	
HLA-DRB1*01:01	HLA-DRB1*01:01	orf8_16	FHQECSLQSCTQHQP	
HLA-DRB1*01:01	HLA-DRB1*01:01	orf8_31	YVVDDPCPIHFYSKW	
HLA-DRB1*01:01	HLA-DRB1*01:01	orf8_46	YIRVGARKSAPLIEL	
HLA-DRB1*01:01	HLA-DRB1*01:01	orf8_61	CVDEAGSKSPIQYID	
HLA-DRB1*01:01	HLA-DRB1*01:01	orf8_76	IGNYTVSCLPFTINC	
HLA-DRB1*01:01	HLA-DRB1*01:01	orf8_91	QEPKLGSLVVRCSFY	
HLA-DRB1*01:01	HLA-DRB1*01:01	orf8_106	EDFLEYHDVRVVLDF	
HLA-DRB1*01:01	HLA-DRB1*01:01	N_1	MSDNGPQNQRNAPRI	
HLA-DRB1*01:01	HLA-DRB1*01:01	N_16	TFGGPSDSTGSNQNG	
HLA-DRB1*01:01	HLA-DRB1*01:01	N_31	ERSGARSKQRRPQGL	
HLA-DRB1*01:01	HLA-DRB1*01:01	N_46	PNNTASWFTALTQHG	
HLA-DRB1*01:01	HLA-DRB1*01:01	N_61	KEDLKFPRGQGVPIN	
HLA-DRB1*01:01	HLA-DRB1*01:01	N_76	TNSSPDDQIGYYRRA	
HLA-DRB1*01:01	HLA-DRB1*01:01	N_91	TRRIRGGDGKMKDLS	
HLA-DRB1*01:01	HLA-DRB1*01:01	N_106	PRWYFYYLGTGPEAG	
HLA-DRB1*01:01	HLA-DRB1*01:01	N_121	LPYGANKDGIIWVAT	
HLA-DRB1*01:01	HLA-DRB1*01:01	N_136	EGALNTPKDHIGTRN	
HLA-DRB1*01:01	HLA-DRB1*01:01	N_151	PANNAAIVLQLPQGT	
HLA-DRB1*01:01	HLA-DRB1*01:01	N_166	TLPKGFYAEGSRGGS	
HLA-DRB1*01:01	HLA-DRB1*01:01	N_181	QASSRSSSRSRNSSR	
HLA-DRB1*01:01	HLA-DRB1*01:01	N_196	NSTPGSSRGTSPARM	
HLA-DRB1*01:01	HLA-DRB1*01:01	N_211	AGNGGDAALALLLLD	
HLA-DRB1*01:01	HLA-DRB1*01:01	N_226	RLNQLESKMSGKGQQ	
HLA-DRB1*01:01	HLA-DRB1*01:01	N_241	QQGQTVTKKSAAEAS	
HLA-DRB1*01:01	HLA-DRB1*01:01	N_256	KKPRQKRTATKAYNV	
HLA-DRB1*01:01	HLA-DRB1*01:01	N_271	TQAFGRRGPEQTQGN	
HLA-DRB1*01:01	HLA-DRB1*01:01	N_286	FGDQELIRQGTDYKH	
HLA-DRB1*01:01	HLA-DRB1*01:01	N_301	WPQIAQFAPSASAFF	
HLA-DRB1*01:01	HLA-DRB1*01:01	N_316	GMSRIGMEVTPSGTW	
HLA-DRB1*01:01	HLA-DRB1*01:01	N_331	LTYTGAIKLDDKDPN	
HLA-DRB1*01:01	HLA-DRB1*01:01	N_346	FKDQVILLNKHIDAY	
HLA-DRB1*01:01	HLA-DRB1*01:01	N_361	KTFPPTEPKKDKKKK	
HLA-DRB1*01:01	HLA-DRB1*01:01	N_376	ADETQALPQRQKKQQ	
HLA-DRB1*01:01	HLA-DRB1*01:01	N_391	TVTLLPAADLDDFSK	
HLA-DRB1*01:01	HLA-DRB1*01:01	orf10_1	MGYINVFAFPFTIYS	
HLA-DRB1*01:01	HLA-DRB1*01:01	orf10_16	LLLCRMNSRNYIAQV	
HLA-DRB1*01:01	HLA-DRB1*01:01	nsp2_1	AYTRYVDNNFCGPDG	
HLA-DRB1*01:01	HLA-DRB1*01:01	nsp2_16	YPLECIKDLLARAGK	
HLA-DRB1*01:01	HLA-DRB1*01:01	nsp2_31	ASCTLSEQLDFIDTK	
HLA-DRB1*01:01	HLA-DRB1*01:01	nsp2_46	RGVYCCREHEHEIAW	
HLA-DRB1*01:01	HLA-DRB1*01:01	nsp2_61	YTERSEKSYELQTPF	
HLA-DRB1*01:01	HLA-DRB1*01:01	nsp2_76	EIKLAKKFDTFNGEC	
HLA-DRB1*01:01	HLA-DRB1*01:01	nsp2_91	PNFVFPLNSIIKTIQ	
HLA-DRB1*01:01	HLA-DRB1*01:01	nsp2_106	PRVEKKKLDGFMGRI	
HLA-DRB1*01:01	HLA-DRB1*01:01	nsp2_121	RSVYPVASPNECNQM	
HLA-DRB1*01:01	HLA-DRB1*01:01	nsp2_136	CLSTLMKCDHCGETS	
HLA-DRB1*01:01	HLA-DRB1*01:01	nsp2_151	WQTGDFVKATCEFCG	
HLA-DRB1*01:01	HLA-DRB1*01:01	nsp2_166	TENLTKEGATTCGYL	
HLA-DRB1*01:01	HLA-DRB1*01:01	nsp2_181	PQNAVVKIYCPACHN	
HLA-DRB1*01:01	HLA-DRB1*01:01	nsp2_196	SEVGPEHSLAEYHNE	
HLA-DRB1*01:01	HLA-DRB1*01:01	nsp2_211	SGLKTILRKGGRTIA	
HLA-DRB1*01:01	HLA-DRB1*01:01	nsp2_226	FGGCVFSYVGCHNKC	
HLA-DRB1*01:01	HLA-DRB1*01:01	nsp2_241	AYWVPRASANIGCNH	
HLA-DRB1*01:01	HLA-DRB1*01:01	nsp2_256	TGVVGEGSEGLNDNL	
HLA-DRB1*01:01	HLA-DRB1*01:01	nsp2_271	LEILQKEKVNINIVG	
HLA-DRB1*01:01	HLA-DRB1*01:01	nsp2_286	DFKLNEEIAIILASF	
HLA-DRB1*01:01	HLA-DRB1*01:01	nsp2_301	SASTSAFVETVKGLD	
HLA-DRB1*01:01	HLA-DRB1*01:01	nsp2_316	YKAFKQIVESCGNFK	
HLA-DRB1*01:01	HLA-DRB1*01:01	nsp2_331	VTKGKAKKGAWNIGE	
HLA-DRB1*01:01	HLA-DRB1*01:01	nsp2_346	QKSILSPLYAFASEA	
HLA-DRB1*01:01	HLA-DRB1*01:01	nsp2_361	ARVVRSIFSRTLETA	
HLA-DRB1*01:01	HLA-DRB1*01:01	nsp2_376	QNSVRVLQKAAITIL	
HLA-DRB1*01:01	HLA-DRB1*01:01	nsp2_391	DGISQYSLRLIDAMM	
HLA-DRB1*01:01	HLA-DRB1*01:01	nsp2_406	FTSDLATNNLVVMAY	
HLA-DRB1*01:01	HLA-DRB1*01:01	nsp2_421	ITGGVVQLTSQWLTN	
HLA-DRB1*01:01	HLA-DRB1*01:01	nsp2_436	IFGTVYEKLKPVLDW	
HLA-DRB1*01:01	HLA-DRB1*01:01	nsp2_451	LEEKFKEGVEFLRDG	
HLA-DRB1*01:01	HLA-DRB1*01:01	nsp2_466	WEIVKFISTCACEIV	
HLA-DRB1*01:01	HLA-DRB1*01:01	nsp2_481	GGQIVTCAKEIKESV	
HLA-DRB1*01:01	HLA-DRB1*01:01	nsp2_496	QTFFKLVNKFLALCA	
HLA-DRB1*01:01	HLA-DRB1*01:01	nsp2_511	DSIIIGGAKLKALNL	
HLA-DRB1*01:01	HLA-DRB1*01:01	nsp2_526	GETFVTHSKGLYRKC	
HLA-DRB1*01:01	HLA-DRB1*01:01	nsp2_541	VKSREETGLLMPLKA	
HLA-DRB1*01:01	HLA-DRB1*01:01	nsp2_556	PKEIIFLEGETLPTE	
HLA-DRB1*01:01	HLA-DRB1*01:01	nsp2_571	VLTEEVVLKTGDLQP	
HLA-DRB1*01:01	HLA-DRB1*01:01	nsp2_586	LEQPTSEAVEAPLVG	
HLA-DRB1*01:01	HLA-DRB1*01:01	nsp2_601	TPVCINGLMLLEIKD	
HLA-DRB1*01:01	HLA-DRB1*01:01	nsp2_616	TEKYCALAPNMMVTN	
HLA-DRB1*01:01	HLA-DRB1*01:01	nsp3_1	APTKVTFGDDTVIEV	
HLA-DRB1*01:01	HLA-DRB1*01:01	nsp3_16	QGYKSVNITFELDER	
HLA-DRB1*01:01	HLA-DRB1*01:01	nsp3_31	IDKVLNEKCSAYTVE	
HLA-DRB1*01:01	HLA-DRB1*01:01	nsp3_46	LGTEVNEFACVVADA	
HLA-DRB1*01:01	HLA-DRB1*01:01	nsp3_61	VIKTLQPVSELLTPL	
HLA-DRB1*01:01	HLA-DRB1*01:01	nsp3_76	GIDLDEWSMATYYLF	
HLA-DRB1*01:01	HLA-DRB1*01:01	nsp3_91	DESGEFKLASHMYCS	
HLA-DRB1*01:01	HLA-DRB1*01:01	nsp3_106	FYPPDEDEEEGDCEE	
HLA-DRB1*01:01	HLA-DRB1*01:01	nsp3_121	EEFEPSTQYEYGTED	
HLA-DRB1*01:01	HLA-DRB1*01:01	nsp3_136	DYQGKPLEFGATSAA	
HLA-DRB1*01:01	HLA-DRB1*01:01	nsp3_151	LQPEEEQEEDWLDDD	
HLA-DRB1*01:01	HLA-DRB1*01:01	nsp3_166	SQQTVGQQDGSEDNQ	
HLA-DRB1*01:01	HLA-DRB1*01:01	nsp3_181	TTTIQTIVEVQPQLE	
HLA-DRB1*01:01	HLA-DRB1*01:01	nsp3_196	MELTPVVQTIEVNSF	
HLA-DRB1*01:01	HLA-DRB1*01:01	nsp3_211	SGYLKLTDNVYIKNA	
HLA-DRB1*01:01	HLA-DRB1*01:01	nsp3_226	DIVEEAKKVKPTVVV	
HLA-DRB1*01:01	HLA-DRB1*01:01	nsp3_241	NAANVYLKHGGGVAG	
HLA-DRB1*01:01	HLA-DRB1*01:01	nsp3_256	ALNKATNNAMQVESD	
HLA-DRB1*01:01	HLA-DRB1*01:01	nsp3_271	DYIATNGPLKVGGSC	
HLA-DRB1*01:01	HLA-DRB1*01:01	nsp3_286	VLSGHNLAKHCLHVV	
HLA-DRB1*01:01	HLA-DRB1*01:01	nsp3_301	GPNVNKGEDIQLLKS	
HLA-DRB1*01:01	HLA-DRB1*01:01	nsp3_316	AYENFNQHEVLLAPL	
HLA-DRB1*01:01	HLA-DRB1*01:01	nsp3_331	LSAGIFGADPIHSLR	
HLA-DRB1*01:01	HLA-DRB1*01:01	nsp3_346	VCVDTVRTNVYLAVF	
HLA-DRB1*01:01	HLA-DRB1*01:01	nsp3_361	DKNLYDKLVSSFLEM	
HLA-DRB1*01:01	HLA-DRB1*01:01	nsp3_376	KSEKQVEQKIAEIPK	
HLA-DRB1*01:01	HLA-DRB1*01:01	nsp3_391	EEVKPFITESKPSVE	
HLA-DRB1*01:01	HLA-DRB1*01:01	nsp3_406	QRKQDDKKIKACVEE	
HLA-DRB1*01:01	HLA-DRB1*01:01	nsp3_421	VTTTLEETKFLTENL	
HLA-DRB1*01:01	HLA-DRB1*01:01	nsp3_436	LLYIDINGNLHPDSA	
HLA-DRB1*01:01	HLA-DRB1*01:01	nsp3_451	TLVSDIDITFLKKDA	
HLA-DRB1*01:01	HLA-DRB1*01:01	nsp3_466	PYIVGDVVQEGVLTA	
HLA-DRB1*01:01	HLA-DRB1*01:01	nsp3_481	VVIPTKKAGGTTEML	
HLA-DRB1*01:01	HLA-DRB1*01:01	nsp3_496	AKALRKVPTDNYITT	
HLA-DRB1*01:01	HLA-DRB1*01:01	nsp3_511	YPGQGLNGYTVEEAK	
HLA-DRB1*01:01	HLA-DRB1*01:01	nsp3_526	TVLKKCKSAFYILPS	
HLA-DRB1*01:01	HLA-DRB1*01:01	nsp3_541	IISNEKQEILGTVSW	
HLA-DRB1*01:01	HLA-DRB1*01:01	nsp3_556	NLREMLAHAEETRKL	
HLA-DRB1*01:01	HLA-DRB1*01:01	nsp3_571	MPVCVETKAIVSTIQ	
HLA-DRB1*01:01	HLA-DRB1*01:01	nsp3_586	RKYKGIKIQEGVVDY	
HLA-DRB1*01:01	HLA-DRB1*01:01	nsp3_601	GARFYFYTSKTTVAS	
HLA-DRB1*01:01	HLA-DRB1*01:01	nsp3_616	LINTLNDLNETLVTM	
HLA-DRB1*01:01	HLA-DRB1*01:01	nsp3_631	PLGYVTHGLNLEEAA	
HLA-DRB1*01:01	HLA-DRB1*01:01	nsp3_646	RYMRSLKVPATVSVS	
HLA-DRB1*01:01	HLA-DRB1*01:01	nsp3_661	SPDAVTAYNGYLTSS	
HLA-DRB1*01:01	HLA-DRB1*01:01	nsp3_676	SKTPEEHFIETISLA	
HLA-DRB1*01:01	HLA-DRB1*01:01	nsp3_691	GSYKDWSYSGQSTQL	
HLA-DRB1*01:01	HLA-DRB1*01:01	nsp3_706	GIEFLKRGDKSVYYT	
HLA-DRB1*01:01	HLA-DRB1*01:01	nsp3_721	SNPTTFHLDGEVITF	
HLA-DRB1*01:01	HLA-DRB1*01:01	nsp3_736	DNLKTLLSLREVRTI	
HLA-DRB1*01:01	HLA-DRB1*01:01	nsp3_751	KVFTTVDNINLHTQV	
HLA-DRB1*01:01	HLA-DRB1*01:01	nsp3_766	VDMSMTYGQQFGPTY	
HLA-DRB1*01:01	HLA-DRB1*01:01	nsp3_781	LDGADVTKIKPHNSH	
HLA-DRB1*01:01	HLA-DRB1*01:01	nsp3_796	EGKTFYVLPNDDTLR	
HLA-DRB1*01:01	HLA-DRB1*01:01	nsp3_811	VEAFEYYHTTDPSFL	
HLA-DRB1*01:01	HLA-DRB1*01:01	nsp3_826	GRYMSALNHTKKWKY	
HLA-DRB1*01:01	HLA-DRB1*01:01	nsp3_841	PQVNGLTSIKWADNN	
HLA-DRB1*01:01	HLA-DRB1*01:01	nsp3_856	CYLATALLTLQQIEL	
HLA-DRB1*01:01	HLA-DRB1*01:01	nsp3_871	KFNPPALQDAYYRAR	
HLA-DRB1*01:01	HLA-DRB1*01:01	nsp3_886	AGEAANFCALILAYC	
HLA-DRB1*01:01	HLA-DRB1*01:01	nsp3_901	NKTVGELGDVRETMS	
HLA-DRB1*01:01	HLA-DRB1*01:01	nsp3_916	YLFQHANLDSCKRVL	
HLA-DRB1*01:01	HLA-DRB1*01:01	nsp3_931	NVVCKTCGQQQTTLK	
HLA-DRB1*01:01	HLA-DRB1*01:01	nsp3_946	GVEAVMYMGTLSYEQ	
HLA-DRB1*01:01	HLA-DRB1*01:01	nsp3_961	FKKGVQIPCTCGKQA	
HLA-DRB1*01:01	HLA-DRB1*01:01	nsp3_976	TKYLVQQESPFVMMS	
HLA-DRB1*01:01	HLA-DRB1*01:01	nsp3_991	APPAQYELKHGTFTC	
HLA-DRB1*01:01	HLA-DRB1*01:01	nsp3_1006	ASEYTGNYQCGHYKH	
HLA-DRB1*01:01	HLA-DRB1*01:01	nsp3_1021	ITSKETLYCIDGALL	
HLA-DRB1*01:01	HLA-DRB1*01:01	nsp3_1036	TKSSEYKGPITDVFY	
HLA-DRB1*01:01	HLA-DRB1*01:01	nsp3_1051	KENSYTTTIKPVTYK	
HLA-DRB1*01:01	HLA-DRB1*01:01	nsp3_1066	LDGVVCTEIDPKLDN	
HLA-DRB1*01:01	HLA-DRB1*01:01	nsp3_1081	YYKKDNSYFTEQPID	
HLA-DRB1*01:01	HLA-DRB1*01:01	nsp3_1096	LVPNQPYPNASFDNF	
HLA-DRB1*01:01	HLA-DRB1*01:01	nsp3_1111	KFVCDNIKFADDLNQ	
HLA-DRB1*01:01	HLA-DRB1*01:01	nsp3_1126	LTGYKKPASRELKVT	
HLA-DRB1*01:01	HLA-DRB1*01:01	nsp3_1141	FFPDLNGDVVAIDYK	
HLA-DRB1*01:01	HLA-DRB1*01:01	nsp3_1156	HYTPSFKKGAKLLHK	
HLA-DRB1*01:01	HLA-DRB1*01:01	nsp3_1171	PIVWHVNNATNKATY	
HLA-DRB1*01:01	HLA-DRB1*01:01	nsp3_1186	KPNTWCIRCLWSTKP	
HLA-DRB1*01:01	HLA-DRB1*01:01	nsp3_1201	VETSNSFDVLKSEDA	
HLA-DRB1*01:01	HLA-DRB1*01:01	nsp3_1216	QGMDNLACEDLKPVS	
HLA-DRB1*01:01	HLA-DRB1*01:01	nsp3_1231	EEVVENPTIQKDVLE	
HLA-DRB1*01:01	HLA-DRB1*01:01	nsp3_1246	CNVKTTEVVGDIILK	
HLA-DRB1*01:01	HLA-DRB1*01:01	nsp3_1261	PANNSLKITEEVGHT	
HLA-DRB1*01:01	HLA-DRB1*01:01	nsp3_1276	DLMAAYVDNSSLTIK	
HLA-DRB1*01:01	HLA-DRB1*01:01	nsp3_1291	KPNELSRVLGLKTLA	
HLA-DRB1*01:01	HLA-DRB1*01:01	nsp3_1306	THGLAAVNSVPWDTI	
HLA-DRB1*01:01	HLA-DRB1*01:01	nsp3_1321	ANYAKPFLNKVVSTT	
HLA-DRB1*01:01	HLA-DRB1*01:01	nsp3_1336	TNIVTRCLNRVCTNY	
HLA-DRB1*01:01	HLA-DRB1*01:01	nsp3_1351	MPYFFTLLLQLCTFT	
HLA-DRB1*01:01	HLA-DRB1*01:01	nsp3_1366	RSTNSRIKASMPTTI	
HLA-DRB1*01:01	HLA-DRB1*01:01	nsp3_1381	AKNTVKSVGKFCLEA	
HLA-DRB1*01:01	HLA-DRB1*01:01	nsp3_1396	SFNYLKSPNFSKLIN	
HLA-DRB1*01:01	HLA-DRB1*01:01	nsp3_1411	IIIWFLLLSVCLGSL	
HLA-DRB1*01:01	HLA-DRB1*01:01	nsp3_1426	IYSTAALGVLMSNLG	
HLA-DRB1*01:01	HLA-DRB1*01:01	nsp3_1441	MPSYCTGYREGYLNS	
HLA-DRB1*01:01	HLA-DRB1*01:01	nsp3_1456	TNVTIATYCTGSIPC	
HLA-DRB1*01:01	HLA-DRB1*01:01	nsp3_1471	SVCLSGLDSLDTYPS	
HLA-DRB1*01:01	HLA-DRB1*01:01	nsp3_1486	LETIQITISSFKWDL	
HLA-DRB1*01:01	HLA-DRB1*01:01	nsp3_1501	TAFGLVAEWFLAYIL	
HLA-DRB1*01:01	HLA-DRB1*01:01	nsp3_1516	FTRFFYVLGLAAIMQ	
HLA-DRB1*01:01	HLA-DRB1*01:01	nsp3_1531	LFFSYFAVHFISNSW	
HLA-DRB1*01:01	HLA-DRB1*01:01	nsp3_1546	LMWLIINLVQMAPIS	
HLA-DRB1*01:01	HLA-DRB1*01:01	nsp3_1561	AMVRMYIFFASFYYV	
HLA-DRB1*01:01	HLA-DRB1*01:01	nsp3_1576	WKSYVHVVDGCNSST	
HLA-DRB1*01:01	HLA-DRB1*01:01	nsp3_1591	CMMCYKRNRATRVEC	
HLA-DRB1*01:01	HLA-DRB1*01:01	nsp3_1606	TTIVNGVRRSFYVYA	
HLA-DRB1*01:01	HLA-DRB1*01:01	nsp3_1621	NGGKGFCKLHNWNCV	
HLA-DRB1*01:01	HLA-DRB1*01:01	nsp3_1636	NCDTFCAGSTFISDE	
HLA-DRB1*01:01	HLA-DRB1*01:01	nsp3_1651	VARDLSLQFKRPINP	
HLA-DRB1*01:01	HLA-DRB1*01:01	nsp3_1666	TDQSSYIVDSVTVKN	
HLA-DRB1*01:01	HLA-DRB1*01:01	nsp3_1681	GSIHLYFDKAGQKTY	
HLA-DRB1*01:01	HLA-DRB1*01:01	nsp3_1696	ERHSLSHFVNLDNLR	
HLA-DRB1*01:01	HLA-DRB1*01:01	nsp3_1711	ANNTKGSLPINVIVF	
HLA-DRB1*01:01	HLA-DRB1*01:01	nsp3_1726	DGKSKCEESSAKSAS	
HLA-DRB1*01:01	HLA-DRB1*01:01	nsp3_1741	VYYSQLMCQPILLLD	
HLA-DRB1*01:01	HLA-DRB1*01:01	nsp3_1756	QALVSDVGDSAEVAV	
HLA-DRB1*01:01	HLA-DRB1*01:01	nsp3_1771	KMFDAYVNTFSSTFN	
HLA-DRB1*01:01	HLA-DRB1*01:01	nsp3_1786	VPMEKLKTLVATAEA	
HLA-DRB1*01:01	HLA-DRB1*01:01	nsp3_1801	ELAKNVSLDNVLSTF	
HLA-DRB1*01:01	HLA-DRB1*01:01	nsp3_1816	ISAARQGFVDSDVET	
HLA-DRB1*01:01	HLA-DRB1*01:01	nsp3_1831	KDVVECLKLSHQSDI	
HLA-DRB1*01:01	HLA-DRB1*01:01	nsp3_1846	EVTGDSCNNYMLTYN	
HLA-DRB1*01:01	HLA-DRB1*01:01	nsp3_1861	KVENMTPRDLGACID	
HLA-DRB1*01:01	HLA-DRB1*01:01	nsp3_1876	CSARHINAQVAKSHN	
HLA-DRB1*01:01	HLA-DRB1*01:01	nsp3_1891	IALIWNVKDFMSLSE	
HLA-DRB1*01:01	HLA-DRB1*01:01	nsp3_1906	QLRKQIRSAAKKNNL	
HLA-DRB1*01:01	HLA-DRB1*01:01	nsp3_1921	PFKLTCATTRQVVNV	
HLA-DRB1*01:01	HLA-DRB1*01:01	nsp4_1	KIVNNWLKQLIKVTL	
HLA-DRB1*01:01	HLA-DRB1*01:01	nsp4_16	VFLFVAAIFYLITPV	
HLA-DRB1*01:01	HLA-DRB1*01:01	nsp4_31	HVMSKHTDFSSEIIG	
HLA-DRB1*01:01	HLA-DRB1*01:01	nsp4_46	YKAIDGGVTRDIAST	
HLA-DRB1*01:01	HLA-DRB1*01:01	nsp4_61	DTCFANKHADFDTWF	
HLA-DRB1*01:01	HLA-DRB1*01:01	nsp4_76	SQRGGSYTNDKACPL	
HLA-DRB1*01:01	HLA-DRB1*01:01	nsp4_91	IAAVITREVGFVVPG	
HLA-DRB1*01:01	HLA-DRB1*01:01	nsp4_106	LPGTILRTTNGDFLH	
HLA-DRB1*01:01	HLA-DRB1*01:01	nsp4_121	FLPRVFSAVGNICYT	
HLA-DRB1*01:01	HLA-DRB1*01:01	nsp4_136	PSKLIEYTDFATSAC	
HLA-DRB1*01:01	HLA-DRB1*01:01	nsp4_151	VLAAECTIFKDASGK	
HLA-DRB1*01:01	HLA-DRB1*01:01	nsp4_166	PVPYCYDTNVLEGSV	
HLA-DRB1*01:01	HLA-DRB1*01:01	nsp4_181	AYESLRPDTRYVLMD	
HLA-DRB1*01:01	HLA-DRB1*01:01	nsp4_196	GSIIQFPNTYLEGSV	
HLA-DRB1*01:01	HLA-DRB1*01:01	nsp4_211	RVVTTFDSEYCRHGT	
HLA-DRB1*01:01	HLA-DRB1*01:01	nsp4_226	CERSEAGVCVSTSGR	
HLA-DRB1*01:01	HLA-DRB1*01:01	nsp4_241	WVLNNDYYRSLPGVF	
HLA-DRB1*01:01	HLA-DRB1*01:01	nsp4_256	CGVDAVNLLTNMFTP	
HLA-DRB1*01:01	HLA-DRB1*01:01	nsp4_271	LIQPIGALDISASIV	
HLA-DRB1*01:01	HLA-DRB1*01:01	nsp4_286	AGGIVAIVVTCLAYY	
HLA-DRB1*01:01	HLA-DRB1*01:01	nsp4_301	FMRFRRAFGEYSHVV	
HLA-DRB1*01:01	HLA-DRB1*01:01	nsp4_316	AFNTLLFLMSFTVLC	
HLA-DRB1*01:01	HLA-DRB1*01:01	nsp4_331	LTPVYSFLPGVYSVI	
HLA-DRB1*01:01	HLA-DRB1*01:01	nsp4_346	YLYLTFYLTNDVSFL	
HLA-DRB1*01:01	HLA-DRB1*01:01	nsp4_361	AHIQWMVMFTPLVPF	
HLA-DRB1*01:01	HLA-DRB1*01:01	nsp4_376	WITIAYIICISTKHF	
HLA-DRB1*01:01	HLA-DRB1*01:01	nsp4_391	YWFFSNYLKRRVVFN	
HLA-DRB1*01:01	HLA-DRB1*01:01	nsp4_406	GVSFSTFEEAALCTF	
HLA-DRB1*01:01	HLA-DRB1*01:01	nsp4_421	LLNKEMYLKLRSDVL	
HLA-DRB1*01:01	HLA-DRB1*01:01	nsp4_436	LPLTQYNRYLALYNK	
HLA-DRB1*01:01	HLA-DRB1*01:01	nsp4_451	YKYFSGAMDTTSYRE	
HLA-DRB1*01:01	HLA-DRB1*01:01	nsp4_466	AACCHLAKALNDFSN	
HLA-DRB1*01:01	HLA-DRB1*01:01	nsp4_481	SGSDVLYQPPQTSIT	
HLA-DRB1*01:01	HLA-DRB1*01:01	nsp5_1	SGFRKMAFPSGKVEG	
HLA-DRB1*01:01	HLA-DRB1*01:01	nsp5_16	CMVQVTCGTTTLNGL	
HLA-DRB1*01:01	HLA-DRB1*01:01	nsp5_31	WLDDVVYCPRHVICT	
HLA-DRB1*01:01	HLA-DRB1*01:01	nsp5_46	SEDMLNPNYEDLLIR	
HLA-DRB1*01:01	HLA-DRB1*01:01	nsp5_61	KSNHNFLVQAGNVQL	
HLA-DRB1*01:01	HLA-DRB1*01:01	nsp5_76	RVIGHSMQNCVLKLK	
HLA-DRB1*01:01	HLA-DRB1*01:01	nsp5_91	VDTANPKTPKYKFVR	
HLA-DRB1*01:01	HLA-DRB1*01:01	nsp5_106	IQPGQTFSVLACYNG	
HLA-DRB1*01:01	HLA-DRB1*01:01	nsp5_121	SPSGVYQCAMRPNFT	
HLA-DRB1*01:01	HLA-DRB1*01:01	nsp5_136	IKGSFLNGSCGSVGF	
HLA-DRB1*01:01	HLA-DRB1*01:01	nsp5_151	NIDYDCVSFCYMHHM	
HLA-DRB1*01:01	HLA-DRB1*01:01	nsp5_166	ELPTGVHAGTDLEGN	
HLA-DRB1*01:01	HLA-DRB1*01:01	nsp5_181	FYGPFVDRQTAQAAG	
HLA-DRB1*01:01	HLA-DRB1*01:01	nsp5_196	TDTTITVNVLAWLYA	
HLA-DRB1*01:01	HLA-DRB1*01:01	nsp5_211	AVINGDRWFLNRFTT	
HLA-DRB1*01:01	HLA-DRB1*01:01	nsp5_226	TLNDFNLVAMKYNYE	
HLA-DRB1*01:01	HLA-DRB1*01:01	nsp5_241	PLTQDHVDILGPLSA	
HLA-DRB1*01:01	HLA-DRB1*01:01	nsp5_256	QTGIAVLDMCASLKE	
HLA-DRB1*01:01	HLA-DRB1*01:01	nsp5_271	LLQNGMNGRTILGSA	
HLA-DRB1*01:01	HLA-DRB1*01:01	nsp5_286	LLEDEFTPFDVVRQC	
HLA-DRB1*01:01	HLA-DRB1*01:01	nsp6_1	SAVKRTIKGTHHWLL	
HLA-DRB1*01:01	HLA-DRB1*01:01	nsp6_16	LTILTSLLVLVQSTQ	
HLA-DRB1*01:01	HLA-DRB1*01:01	nsp6_31	WSLFFFLYENAFLPF	
HLA-DRB1*01:01	HLA-DRB1*01:01	nsp6_46	AMGIIAMSAFAMMFV	
HLA-DRB1*01:01	HLA-DRB1*01:01	nsp6_61	KHKHAFLCLFLLPSL	
HLA-DRB1*01:01	HLA-DRB1*01:01	nsp6_76	ATVAYFNMVYMPASW	
HLA-DRB1*01:01	HLA-DRB1*01:01	nsp6_91	VMRIMTWLDMVDTSL	
HLA-DRB1*01:01	HLA-DRB1*01:01	nsp6_106	SGFKLKDCVMYASAV	
HLA-DRB1*01:01	HLA-DRB1*01:01	nsp6_121	VLLILMTARTVYDDG	
HLA-DRB1*01:01	HLA-DRB1*01:01	nsp6_136	ARRVWTLMNVLTLVY	
HLA-DRB1*01:01	HLA-DRB1*01:01	nsp6_151	KVYYGNALDQAISMW	
HLA-DRB1*01:01	HLA-DRB1*01:01	nsp6_166	ALIISVTSNYSGVVT	
HLA-DRB1*01:01	HLA-DRB1*01:01	nsp6_181	TVMFLARGIVFMCVE	
HLA-DRB1*01:01	HLA-DRB1*01:01	nsp6_196	YCPIFFITGNTLQCI	
HLA-DRB1*01:01	HLA-DRB1*01:01	nsp6_211	MLVYCFLGYFCTCYF	
HLA-DRB1*01:01	HLA-DRB1*01:01	nsp6_226	GLFCLLNRYFRLTLG	
HLA-DRB1*01:01	HLA-DRB1*01:01	nsp6_241	VYDYLVSTQEFRYMN	
HLA-DRB1*01:01	HLA-DRB1*01:01	nsp6_256	SQGLLPPKNSIDAFK	
HLA-DRB1*01:01	HLA-DRB1*01:01	nsp6_271	LNIKLLGVGGKPCIK	
HLA-DRB1*01:01	HLA-DRB1*01:01	nsp7_1	SKMSDVKCTSVVLLS	
HLA-DRB1*01:01	HLA-DRB1*01:01	nsp7_16	VLQQLRVESSSKLWA	
HLA-DRB1*01:01	HLA-DRB1*01:01	nsp7_31	QCVQLHNDILLAKDT	
HLA-DRB1*01:01	HLA-DRB1*01:01	nsp7_46	TEAFEKMVSLLSVLL	
HLA-DRB1*01:01	HLA-DRB1*01:01	nsp7_61	SMQGAVDINKLCEEM	
HLA-DRB1*01:01	HLA-DRB1*01:01	nsp8_1	AIASEFSSLPSYAAF	
HLA-DRB1*01:01	HLA-DRB1*01:01	nsp8_16	ATAQEAYEQAVANGD	
HLA-DRB1*01:01	HLA-DRB1*01:01	nsp8_31	SEVVLKKLKKSLNVA	
HLA-DRB1*01:01	HLA-DRB1*01:01	nsp8_46	KSEFDRDAAMQRKLE	
HLA-DRB1*01:01	HLA-DRB1*01:01	nsp8_61	KMADQAMTQMYKQAR	
HLA-DRB1*01:01	HLA-DRB1*01:01	nsp8_76	SEDKRAKVTSAMQTM	
HLA-DRB1*01:01	HLA-DRB1*01:01	nsp8_91	LFTMLRKLDNDALNN	
HLA-DRB1*01:01	HLA-DRB1*01:01	nsp8_106	IINNARDGCVPLNII	
HLA-DRB1*01:01	HLA-DRB1*01:01	nsp8_121	PLTTAAKLMVVIPDY	
HLA-DRB1*01:01	HLA-DRB1*01:01	nsp8_136	NTYKNTCDGTTFTYA	
HLA-DRB1*01:01	HLA-DRB1*01:01	nsp8_151	SALWEIQQVVDADSK	
HLA-DRB1*01:01	HLA-DRB1*01:01	nsp8_166	IVQLSEISMDNSPNL	
HLA-DRB1*01:01	HLA-DRB1*01:01	nsp8_181	AWPLIVTALRANSAV	
HLA-DRB1*01:01	HLA-DRB1*01:01	nsp9_1	NNELSPVALRQMSCA	
HLA-DRB1*01:01	HLA-DRB1*01:01	nsp9_16	AGTTQTACTDDNALA	
HLA-DRB1*01:01	HLA-DRB1*01:01	nsp9_31	YYNTTKGGRFVLALL	
HLA-DRB1*01:01	HLA-DRB1*01:01	nsp9_46	SDLQDLKWARFPKSD	
HLA-DRB1*01:01	HLA-DRB1*01:01	nsp9_61	GTGTIYTELEPPCRF	
HLA-DRB1*01:01	HLA-DRB1*01:01	nsp9_76	VTDTPKGPKVKYLYF	
HLA-DRB1*01:01	HLA-DRB1*01:01	nsp9_91	IKGLNNLNRGMVLGS	
